model,taxonomic_level,familiarity,crps,crps_relative,mean_pinball_loss,interval_width,relative_interval_width,n
gpt-4o-bad-demo,genus,obscure,94.073,51.07543589743589,94.073,63.38999999999999,33.63615384615384,12
gpt-4o-bad-demo,genus,well_known,86.823,13.387196683006536,86.823,63.38999999999999,9.056867401960783,12
gpt-4o-demo,genus,obscure,0.29444444444444445,0.09727564102564101,0.29444444444444445,8.833333333333334,2.9182692307692304,12
gpt-4o-demo,genus,well_known,0.44027777777777777,0.037808641975308636,0.44027777777777777,13.208333333333334,1.1342592592592593,12
gpt-4o-mini-demo,genus,obscure,0.2533333333333334,0.06490740740740741,0.2533333333333334,4.4750000000000005,1.4472222222222222,12
gpt-4o-mini-demo,genus,well_known,0.6447222222222225,0.03771604938271606,0.6447222222222225,8.966666666666665,0.6314814814814814,12
