model,prompt_variant,crps,crps_relative,mean_pinball_loss,interval_width,relative_interval_width,n
gpt-4o-bad-demo,natural,36.868222222222215,8.861172454142947,36.868222222222215,281.78,6.0833733396584435,36
gpt-4o-bad-demo,statistical,36.868222222222215,8.861172454142947,36.868222222222215,281.78,6.0833733396584435,36
gpt-4o-demo,natural,14.67314814814815,0.03117737835875091,14.67314814814815,440.19444444444446,0.9353213507625272,36
gpt-4o-demo,statistical,14.67314814814815,0.03117737835875091,14.67314814814815,440.19444444444446,0.9353213507625272,36
gpt-4o-mini-demo,natural,26.344537037037053,0.03604938271604939,26.344537037037053,351.4749999999999,0.5814814814814815,36
gpt-4o-mini-demo,statistical,26.344537037037053,0.03604938271604939,26.344537037037053,351.4749999999999,0.5814814814814815,36
