{
  "target_source": "ioc_point_count",
  "overall": {
    "n": 138,
    "crps": 20.680521739130434,
    "crps_relative": 5.635150366010642,
    "mean_pinball_loss": 20.680521739130434,
    "mean_interval_width": 115.93594202898551,
    "mean_relative_interval_width": 4.436891603638854,
    "mean_median_abs_error": 43.120289855072464,
    "ece_confidence": 0.05724637681159417
  },
  "by_model": {
    "gpt-4o-bad-demo": {
      "n": 46,
      "crps": 49.735913043478256,
      "crps_relative": 16.82112154272411,
      "mean_pinball_loss": 49.735913043478256,
      "mean_interval_width": 109.44260869565217,
      "mean_relative_interval_width": 11.28078815168207,
      "mean_median_abs_error": 103.2,
      "ece_confidence": 0.2717391304347826
    },
    "gpt-4o-demo": {
      "n": 46,
      "crps": 4.434420289855072,
      "crps_relative": 0.04321039266691439,
      "mean_pinball_loss": 4.434420289855072,
      "mean_interval_width": 133.0326086956522,
      "mean_relative_interval_width": 1.2963117800074322,
      "mean_median_abs_error": 0.0,
      "ece_confidence": 0.25
    },
    "gpt-4o-mini-demo": {
      "n": 46,
      "crps": 7.871231884057972,
      "crps_relative": 0.041119162640901784,
      "mean_pinball_loss": 7.871231884057972,
      "mean_interval_width": 105.33260869565218,
      "mean_relative_interval_width": 0.733574879227053,
      "mean_median_abs_error": 26.160869565217403,
      "ece_confidence": 0.1499999999999998
    }
  },
  "by_level": {
    "family": {
      "n": 36,
      "crps": 3.3260185185185187,
      "crps_relative": 0.018888888888888893,
      "mean_pinball_loss": 3.3260185185185187,
      "mean_interval_width": 70.43333333333334,
      "mean_relative_interval_width": 0.4000000000000001,
      "mean_median_abs_error": 5.86944444444445,
      "ece_confidence": 0.21666666666666667
    },
    "genus": {
      "n": 72,
      "crps": 30.421462962962963,
      "crps_relative": 10.783390053372251,
      "mean_pinball_loss": 30.421462962962963,
      "mean_interval_width": 27.043888888888883,
      "mean_relative_interval_width": 8.137375573641137,
      "mean_median_abs_error": 66.38333333333333,
      "ece_confidence": 0.21666666666666667
    },
    "order": {
      "n": 30,
      "crps": 18.127666666666666,
      "crps_relative": 0.018888888888888896,
      "mean_pinball_loss": 18.127666666666666,
      "mean_interval_width": 383.88000000000005,
      "mean_relative_interval_width": 0.40000000000000013,
      "mean_median_abs_error": 31.990000000000016,
      "ece_confidence": 0.21666666666666667
    }
  },
  "by_familiarity": {
    "obscure": {
      "n": 36,
      "crps": 31.54025925925926,
      "crps_relative": 17.079206315289646,
      "mean_pinball_loss": 31.54025925925926,
      "mean_interval_width": 25.56611111111111,
      "mean_relative_interval_width": 12.667215099715097,
      "mean_median_abs_error": 68.55833333333334,
      "ece_confidence": 0.21666666666666667
    },
    "well_known": {
      "n": 36,
      "crps": 29.302666666666667,
      "crps_relative": 4.487573791454853,
      "mean_pinball_loss": 29.302666666666667,
      "mean_interval_width": 28.521666666666665,
      "mean_relative_interval_width": 3.6075360475671747,
      "mean_median_abs_error": 64.20833333333331,
      "ece_confidence": 0.21666666666666667
    }
  },
  "by_dispute_block": {
    "disputed": {
      "n": 102,
      "crps": 16.003875816993464,
      "crps_relative": 1.2221147525277922,
      "mean_pinball_loss": 16.003875816993464,
      "mean_interval_width": 147.12411764705882,
      "mean_relative_interval_width": 1.2838952530584888,
      "mean_median_abs_error": 32.31764705882353,
      "ece_confidence": 0.08921568627450978,
      "authority_span_coverage_rate": 0.6568627450980392,
      "ioc_in_interval_rate": 0.8725490196078431
    },
    "undisputed": {
      "n": 36,
      "crps": 33.93101851851851,
      "crps_relative": 18.138751270878718,
      "mean_pinball_loss": 33.93101851851851,
      "mean_interval_width": 27.569444444444443,
      "mean_relative_interval_width": 13.370381263616556,
      "mean_median_abs_error": 73.72777777777777,
      "ece_confidence": 0.18888888888888888,
      "authority_span_coverage_rate": 0.6944444444444444,
      "ioc_in_interval_rate": 0.6944444444444444
    }
  },
  "power_analysis": {
    "method": "Paired t on per-scenario crps_relative differences; alpha=0.05 two-sided, power=0.80.",
    "pairs": [
      {
        "model_a": "gpt-4o-bad-demo",
        "model_b": "gpt-4o-demo",
        "n_scenarios": 46,
        "delta_crps_relative": 16.7779111500572,
        "sd_of_paired_diffs": 41.18910311963948,
        "t_paired": 2.762704725973667,
        "scenarios_needed_80pct_power": 47.250341657305164,
        "min_detectable_delta_at_n": 17.00440542143118
      },
      {
        "model_a": "gpt-4o-bad-demo",
        "model_b": "gpt-4o-mini-demo",
        "n_scenarios": 46,
        "delta_crps_relative": 16.78000238008321,
        "sd_of_paired_diffs": 41.212088433687754,
        "t_paired": 2.76150803283055,
        "scenarios_needed_80pct_power": 47.29130218382876,
        "min_detectable_delta_at_n": 17.01389462049629
      },
      {
        "model_a": "gpt-4o-demo",
        "model_b": "gpt-4o-mini-demo",
        "n_scenarios": 46,
        "delta_crps_relative": 0.0020912300260126225,
        "sd_of_paired_diffs": 0.02598416395305001,
        "t_paired": 0.5458483148684259,
        "scenarios_needed_80pct_power": 1210.4028749913546,
        "min_detectable_delta_at_n": 0.010727236694404323
      }
    ]
  },
  "hierarchy_consistency": {
    "method": "strict_violation = genus_p50 > family_p50 OR family_p50 > order_p50; compression_exceeds_ioc when genus_p50/family_p50 >> IOC genus/family ratio; hierarchy_collapse when compression_ratio > 0.9.",
    "per_model": {
      "gpt-4o-bad-demo": {
        "n_cells": 24,
        "strict_violations": 24,
        "strict_violation_rate": 1.0,
        "strict_violation_ci_95": [
          0.8620194241710247,
          1.0000000000000002
        ],
        "mean_compression_ratio": 1.2,
        "mean_gap_ratio": -0.19999999999999996,
        "hierarchy_collapse_rate": 1.0
      },
      "gpt-4o-demo": {
        "n_cells": 24,
        "strict_violations": 0,
        "strict_violation_rate": 0.0,
        "strict_violation_ci_95": [
          0.0,
          0.13798057582897535
        ],
        "mean_compression_ratio": 0.1345757215295265,
        "mean_gap_ratio": 0.8654242784704734,
        "hierarchy_collapse_rate": 0.0
      },
      "gpt-4o-mini-demo": {
        "n_cells": 24,
        "strict_violations": 0,
        "strict_violation_rate": 0.0,
        "strict_violation_ci_95": [
          0.0,
          0.13798057582897535
        ],
        "mean_compression_ratio": 0.1345757215295265,
        "mean_gap_ratio": 0.8654242784704734,
        "hierarchy_collapse_rate": 0.0
      }
    },
    "ioc_reference": {
      "mean_compression_ratio": 0.13457572152952652,
      "mean_gap_ratio": 0.8654242784704735
    }
  },
  "classification_counts": {
    "coherent_and_right": {
      "gpt-4o-bad-demo": 0,
      "gpt-4o-demo": 24,
      "gpt-4o-mini-demo": 16
    },
    "coherent_but_wrong": {
      "gpt-4o-bad-demo": 0,
      "gpt-4o-demo": 0,
      "gpt-4o-mini-demo": 8
    },
    "incoherent": {
      "gpt-4o-bad-demo": 24,
      "gpt-4o-demo": 0,
      "gpt-4o-mini-demo": 0
    }
  }
}