{
  "target_source": "ioc_point_count",
  "overall": {
    "n": 216,
    "crps": 22.73245679012346,
    "crps_relative": 2.9537834714371605,
    "mean_pinball_loss": 22.73245679012346,
    "mean_interval_width": 282.58064814814816,
    "mean_relative_interval_width": 2.535551276484309,
    "mean_median_abs_error": 44.23379629629632,
    "ece_confidence": 0.10555555555555562
  },
  "by_model": {
    "gpt-4o-bad-demo": {
      "n": 72,
      "crps": 35.983666666666664,
      "crps_relative": 8.792412959700009,
      "mean_pinball_loss": 35.983666666666664,
      "mean_interval_width": 225.8516666666667,
      "mean_relative_interval_width": 6.038530191108701,
      "mean_median_abs_error": 63.79722222222222,
      "ece_confidence": 0.08333333333333337
    },
    "gpt-4o-demo": {
      "n": 72,
      "crps": 11.527546296296297,
      "crps_relative": 0.03225535584604212,
      "mean_pinball_loss": 11.527546296296297,
      "mean_interval_width": 345.8263888888889,
      "mean_relative_interval_width": 0.9676606753812634,
      "mean_median_abs_error": 0.0,
      "ece_confidence": 0.25
    },
    "gpt-4o-mini-demo": {
      "n": 72,
      "crps": 20.686157407407418,
      "crps_relative": 0.03668209876543212,
      "mean_pinball_loss": 20.686157407407418,
      "mean_interval_width": 276.0638888888888,
      "mean_relative_interval_width": 0.600462962962963,
      "mean_median_abs_error": 68.90416666666675,
      "ece_confidence": 0.15000000000000013
    }
  },
  "by_level": {
    "family": {
      "n": 72,
      "crps": 3.2520370370370375,
      "crps_relative": 0.018888888888888893,
      "mean_pinball_loss": 3.2520370370370375,
      "mean_interval_width": 68.86666666666666,
      "mean_relative_interval_width": 0.39999999999999997,
      "mean_median_abs_error": 5.738888888888893,
      "ece_confidence": 0.21666666666666667
    },
    "genus": {
      "n": 72,
      "crps": 29.43894444444444,
      "crps_relative": 8.823572636533704,
      "mean_pinball_loss": 29.43894444444444,
      "mean_interval_width": 26.975277777777777,
      "mean_relative_interval_width": 6.806653829452928,
      "mean_median_abs_error": 64.30416666666666,
      "ece_confidence": 0.21666666666666667
    },
    "order": {
      "n": 72,
      "crps": 35.50638888888889,
      "crps_relative": 0.018888888888888893,
      "mean_pinball_loss": 35.50638888888889,
      "mean_interval_width": 751.9000000000001,
      "mean_relative_interval_width": 0.3999999999999999,
      "mean_median_abs_error": 62.65833333333342,
      "ece_confidence": 0.21666666666666667
    }
  },
  "by_familiarity": {
    "obscure": {
      "n": 108,
      "crps": 23.17523456790124,
      "crps_relative": 4.328356554967665,
      "mean_pinball_loss": 23.17523456790124,
      "mean_interval_width": 281.9681481481481,
      "mean_relative_interval_width": 3.543553791887126,
      "mean_median_abs_error": 45.09629629629632,
      "ece_confidence": 0.10555555555555554
    },
    "well_known": {
      "n": 108,
      "crps": 22.289679012345683,
      "crps_relative": 1.5792103879066557,
      "mean_pinball_loss": 22.289679012345683,
      "mean_interval_width": 283.1931481481481,
      "mean_relative_interval_width": 1.5275487610814937,
      "mean_median_abs_error": 43.37129629629632,
      "ece_confidence": 0.10555555555555554
    }
  },
  "power_analysis": {
    "method": "Paired t on per-scenario crps_relative differences; alpha=0.05 two-sided, power=0.80.",
    "pairs": [
      {
        "model_a": "gpt-4o-bad-demo",
        "model_b": "gpt-4o-demo",
        "n_scenarios": 72,
        "delta_crps_relative": 8.760157603853967,
        "sd_of_paired_diffs": 26.19811962685789,
        "t_paired": 2.8373182201661553,
        "scenarios_needed_80pct_power": 70.11847550748116,
        "min_detectable_delta_at_n": 8.644938419827547
      },
      {
        "model_a": "gpt-4o-bad-demo",
        "model_b": "gpt-4o-mini-demo",
        "n_scenarios": 72,
        "delta_crps_relative": 8.755730860934577,
        "sd_of_paired_diffs": 26.215969201943814,
        "t_paired": 2.833953588358096,
        "scenarios_needed_80pct_power": 70.28507167514464,
        "min_detectable_delta_at_n": 8.650828479100339
      },
      {
        "model_a": "gpt-4o-demo",
        "model_b": "gpt-4o-mini-demo",
        "n_scenarios": 72,
        "delta_crps_relative": -0.00442674291938999,
        "sd_of_paired_diffs": 0.020204951310720035,
        "t_paired": -1.8590571521205892,
        "scenarios_needed_80pct_power": 163.32891481119563,
        "min_detectable_delta_at_n": 0.006667293773165274
      }
    ]
  },
  "hierarchy_consistency": {
    "method": "strict_violation = genus_p50 > family_p50 OR family_p50 > order_p50; compression_exceeds_ioc when genus_p50/family_p50 >> IOC genus/family ratio; hierarchy_collapse when compression_ratio > 0.9.",
    "per_model": {
      "gpt-4o-bad-demo": {
        "n_cells": 24,
        "strict_violations": 24,
        "strict_violation_rate": 1.0,
        "strict_violation_ci_95": [
          0.8620194241710247,
          1.0000000000000002
        ],
        "mean_compression_ratio": 1.2,
        "mean_gap_ratio": -0.19999999999999996,
        "hierarchy_collapse_rate": 1.0
      },
      "gpt-4o-demo": {
        "n_cells": 24,
        "strict_violations": 0,
        "strict_violation_rate": 0.0,
        "strict_violation_ci_95": [
          0.0,
          0.13798057582897535
        ],
        "mean_compression_ratio": 0.13889922487284004,
        "mean_gap_ratio": 0.8611007751271599,
        "hierarchy_collapse_rate": 0.0
      },
      "gpt-4o-mini-demo": {
        "n_cells": 24,
        "strict_violations": 0,
        "strict_violation_rate": 0.0,
        "strict_violation_ci_95": [
          0.0,
          0.13798057582897535
        ],
        "mean_compression_ratio": 0.13889922487284004,
        "mean_gap_ratio": 0.8611007751271599,
        "hierarchy_collapse_rate": 0.0
      }
    },
    "ioc_reference": {
      "mean_compression_ratio": 0.13889922487284004,
      "mean_gap_ratio": 0.8611007751271599
    }
  },
  "classification_counts": {
    "coherent_and_right": {
      "gpt-4o-bad-demo": 0,
      "gpt-4o-demo": 24,
      "gpt-4o-mini-demo": 15
    },
    "coherent_but_wrong": {
      "gpt-4o-bad-demo": 0,
      "gpt-4o-demo": 0,
      "gpt-4o-mini-demo": 9
    },
    "incoherent": {
      "gpt-4o-bad-demo": 24,
      "gpt-4o-demo": 0,
      "gpt-4o-mini-demo": 0
    }
  }
}